stage,seconds,iterations,private_mb,working_mb,managed_mb,allocated_mb,gen2,handles,matrix_rows,axis_marks,retained_routes,raw_parsed,full_builds,incremental_appends
start,0.0,0,95.20,109.02,2.98,2.97,0,934,0,0,0,0,1,0
refresh,5.2,25,110.03,124.29,13.22,13.18,0,955,4,1,25,25,38,4
refresh,10.7,50,121.37,135.79,3.91,29.91,1,961,4,3,50,50,74,10
refresh,16.1,75,122.41,137.20,11.43,51.94,1,975,4,3,75,75,107,15
refresh,21.4,100,123.82,138.70,13.99,82.95,1,975,4,3,100,100,133,15
refresh,26.9,125,129.50,144.48,17.00,113.89,1,973,4,3,125,125,159,15
refresh,32.4,150,147.77,161.40,16.04,156.25,3,1067,4,3,150,150,187,18
refresh,37.9,175,156.07,169.21,16.73,201.91,3,1065,4,3,175,175,222,25
refresh,43.4,200,155.80,168.84,9.72,253.04,3,1065,4,3,200,200,256,32
refresh,48.9,225,156.80,169.64,10.42,300.95,3,1065,4,3,204,225,286,34
refresh,54.3,250,161.76,175.25,20.36,350.70,3,1102,4,3,189,250,312,34
refresh,59.6,275,154.86,168.58,17.60,393.75,4,1100,4,3,214,275,337,34
refresh,65.2,300,163.66,177.25,16.48,451.28,5,1100,4,3,199,300,371,39
refresh,70.6,325,164.60,177.87,15.03,508.41,5,1100,4,3,184,325,407,45
refresh,76.1,350,164.60,177.87,24.17,561.59,5,1099,4,3,209,350,441,52
refresh,81.5,375,160.90,174.10,5.53,608.51,6,1100,4,3,194,375,467,52
refresh,87.0,400,166.31,179.52,14.67,657.26,6,1100,4,3,219,400,492,52
refresh,92.5,425,163.05,175.98,14.69,701.74,6,1102,4,3,204,425,519,54
refresh,97.9,450,163.61,176.34,11.81,757.60,6,1100,4,3,189,450,554,61
refresh,103.5,475,162.39,176.13,18.89,811.37,6,1096,4,3,214,475,588,68
refresh,108.9,500,162.41,176.14,11.67,866.00,6,1099,4,3,199,500,621,71
refresh,114.5,525,162.41,176.14,18.97,914.27,6,1096,4,3,184,525,647,71
refresh,119.9,550,171.19,184.72,11.52,964.07,7,1099,4,3,209,550,672,71
refresh,125.3,575,167.27,181.05,19.10,1015.17,7,1098,4,3,194,575,704,75
refresh,130.8,600,167.86,181.68,14.22,1071.39,7,1098,4,3,219,600,738,82
refresh,136.3,625,168.26,182.00,23.98,1124.04,7,1093,4,3,204,625,773,89
refresh,141.8,650,169.34,182.70,15.91,1176.51,7,1094,4,3,189,650,801,90
refresh,147.2,675,169.72,183.14,18.13,1221.94,7,1095,4,3,214,675,826,90
refresh,152.7,700,186.55,199.75,24.80,1273.71,8,1098,4,3,199,700,852,90
refresh,158.3,725,182.83,196.10,23.48,1331.09,8,1097,4,3,184,725,887,97
refresh,163.7,750,182.54,195.70,20.09,1385.40,8,1098,4,3,209,750,922,103
refresh,169.3,775,180.59,193.79,22.95,1439.98,9,1100,4,3,194,775,956,108
refresh,174.7,800,179.93,193.06,17.04,1490.94,9,1098,4,3,219,800,981,108
refresh,180.2,825,180.79,194.13,17.40,1535.24,9,1096,4,3,204,825,1007,108
refresh,185.7,850,184.86,198.26,13.12,1589.47,10,1098,4,3,189,850,1036,111
refresh,191.1,875,184.86,198.27,24.22,1643.95,10,1098,4,3,214,875,1070,118
refresh,196.7,900,180.69,193.97,21.31,1700.49,10,1098,4,3,199,900,1106,124
refresh,202.1,925,180.90,193.68,7.59,1752.26,11,1098,4,3,184,925,1136,126
refresh,207.6,950,184.33,197.64,14.97,1801.32,11,1098,4,3,209,950,1161,126
refresh,213.0,975,184.22,197.58,15.72,1846.09,11,1097,4,3,194,975,1187,126
refresh,218.4,1000,177.54,190.92,16.89,1904.79,13,1098,4,3,219,1000,1219,132
refresh,224.0,1025,179.44,192.51,12.10,1958.27,13,1098,4,3,204,1025,1254,139
refresh,229.4,1050,179.51,192.62,25.18,2014.77,13,1098,4,3,189,1050,1289,146
refresh,234.9,1075,180.04,192.63,13.89,2062.31,13,1097,4,3,214,1075,1314,146
refresh,240.3,1100,183.56,196.86,16.99,2111.57,13,1103,4,3,199,1100,1340,146
refresh,245.9,1125,179.32,192.11,22.98,2160.47,13,1103,4,3,184,1125,1368,147
refresh,251.3,1150,180.05,192.90,17.23,2215.02,13,1101,4,3,209,1150,1402,154
refresh,256.7,1175,180.53,193.43,14.96,2270.95,13,1101,4,3,194,1175,1437,161
refresh,262.3,1200,180.53,193.44,25.69,2325.93,13,1100,4,3,219,1200,1468,165
refresh,267.6,1225,180.50,193.41,11.13,2373.10,13,1100,4,3,204,1225,1494,165
refresh,273.2,1250,186.91,200.23,19.68,2425.67,15,1114,4,3,189,1250,1520,165
refresh,278.6,1275,185.32,198.68,13.39,2477.26,15,1117,4,3,214,1275,1551,169
refresh,284.0,1300,185.43,198.77,11.68,2534.22,15,1118,4,3,199,1300,1586,176
refresh,289.6,1325,181.97,195.62,21.63,2592.79,16,1118,4,3,184,1325,1622,182
refresh,295.0,1350,182.65,195.25,14.68,2643.60,16,1118,4,3,209,1350,1649,183
end,300.0,1372,183.50,196.60,12.61,2685.72,16,1117,4,3,191,1372,1672,183
