stage,private_mb,working_mb,managed_mb,heap_mb,allocated_mb,gen0,gen1,gen2,old_charts_alive,chart_references,handles
start,108.69,121.52,1.58,1.54,3.41,1,1,1,0,0,1056
refresh-25,227.47,231.61,4.82,6.24,20.97,19,19,19,0,100,1279
refresh-50,269.12,269.28,8.70,12.78,38.70,37,37,37,0,200,1429
refresh-75,334.00,331.74,14.36,18.38,57.30,51,50,50,4,300,1704
refresh-100,389.63,383.58,18.87,20.94,74.16,64,63,62,8,400,1873
refresh-125,448.85,437.72,22.25,28.40,94.19,76,74,73,0,500,2008
refresh-150,491.68,478.55,25.12,29.88,110.98,87,85,83,0,600,2125
refresh-175,577.84,555.82,30.10,33.30,128.02,96,94,91,0,700,2328
refresh-200,609.69,585.72,32.69,36.55,144.85,104,102,98,4,800,2435
refresh-225,674.07,644.92,37.87,44.48,161.67,110,108,104,16,900,2582
refresh-250,697.65,667.46,40.93,41.55,181.27,118,115,110,12,1000,2639
refresh-275,747.21,712.09,46.19,57.67,202.15,124,121,116,8,1100,2768
refresh-300,779.17,743.25,48.59,55.64,218.38,130,127,121,12,1200,2878
refresh-325,823.48,783.85,48.90,58.63,235.08,137,133,127,12,1300,3011
refresh-350,837.48,797.02,50.32,58.62,251.36,143,139,132,12,1400,2993
refresh-375,844.02,802.99,51.88,61.91,268.05,149,145,137,4,1500,3017
refresh-400,855.79,814.36,56.04,64.38,284.98,154,149,141,16,1600,3062
before-gc,855.79,814.38,56.05,64.38,284.99,154,149,141,16,1600,3061
after-gc,421.39,411.98,6.23,16.65,285.01,160,155,147,0,1600,3065
cleared-gc,357.69,354.40,6.21,16.67,285.03,166,161,153,0,1600,3065
