stage,seconds,private_mb,working_mb,managed_mb,allocated_mb,gen2,handles,rows,chart_elements
start,0.0,105.23,117.01,5.41,5.40,0,1024,10,50
refresh-25,1.5,111.05,122.91,3.02,7.70,1,1022,10,50
refresh-50,3.0,111.76,123.66,5.31,9.98,1,1022,10,50
refresh-75,4.6,113.18,125.02,7.62,12.28,1,1022,10,50
refresh-100,6.2,144.79,154.40,7.84,21.44,4,1145,10,50
refresh-125,7.8,157.89,167.41,12.00,25.58,4,1150,10,50
refresh-150,9.3,161.33,170.87,15.46,29.03,4,1148,10,50
refresh-175,10.8,162.90,173.41,11.25,32.49,5,1150,10,50
refresh-200,12.4,159.49,169.74,14.67,35.91,5,1150,10,50
refresh-225,13.8,159.66,170.12,16.96,38.18,5,1150,10,50
refresh-250,15.4,160.09,170.45,19.25,40.47,5,1150,10,50
refresh-275,16.9,161.85,171.97,21.53,42.74,5,1150,10,50
refresh-300,18.4,169.22,179.14,9.11,45.15,5,1151,10,50
refresh-325,20.0,169.35,179.17,12.57,48.59,5,1149,10,50
refresh-350,21.5,169.20,179.17,16.06,52.07,5,1153,10,50
refresh-375,23.0,169.22,179.17,19.51,55.51,5,1149,10,50
refresh-400,24.5,164.50,174.78,22.92,58.92,5,1151,10,50
refresh-425,26.1,165.14,175.58,10.25,61.29,5,1151,10,50
refresh-450,27.6,165.62,175.81,12.54,63.58,5,1148,10,50
refresh-475,29.1,165.86,176.07,14.83,65.86,5,1147,10,50
refresh-500,30.7,170.17,180.07,17.23,68.25,5,1147,10,50
refresh-525,32.2,171.58,181.51,20.68,71.68,5,1147,10,50
refresh-550,33.8,171.54,181.51,9.41,75.15,5,1147,10,50
refresh-575,35.3,171.70,181.82,13.01,78.74,5,1145,10,50
refresh-600,36.9,166.93,177.72,16.47,82.18,5,1147,10,50
refresh-625,38.4,167.32,177.98,18.75,84.46,5,1147,10,50
refresh-650,39.9,167.83,178.25,21.11,86.81,5,1147,10,50
refresh-675,41.5,168.73,178.64,23.39,89.09,5,1147,10,50
refresh-700,43.0,173.43,183.54,11.11,91.49,5,1147,10,50
refresh-725,44.6,173.43,183.57,14.57,94.95,5,1145,10,50
refresh-750,46.2,173.50,183.59,18.02,98.38,5,1147,10,50
refresh-775,47.7,173.50,183.64,21.47,101.83,5,1145,10,50
refresh-800,49.2,168.73,179.17,10.06,105.25,5,1147,10,50
refresh-825,50.7,168.98,179.32,12.34,107.52,5,1147,10,50
refresh-850,52.2,168.98,179.32,14.71,109.88,5,1147,10,50
refresh-875,53.7,169.55,179.72,16.99,112.15,5,1147,10,50
refresh-900,55.3,174.81,184.80,19.41,114.57,5,1147,10,50
refresh-925,56.8,174.81,184.86,22.86,118.01,5,1147,10,50
refresh-950,58.3,174.69,184.81,11.48,121.48,5,1147,10,50
refresh-975,59.9,174.80,184.96,14.97,124.96,5,1147,10,50
refresh-1000,61.3,169.70,180.37,18.38,128.36,5,1147,10,50
refresh-1025,62.9,170.21,180.62,20.66,130.63,5,1148,10,50
refresh-1050,64.4,170.60,180.89,23.01,132.98,5,1147,10,50
refresh-1075,65.9,171.12,181.41,10.42,135.26,5,1147,10,50
refresh-1100,67.4,176.37,186.43,12.85,137.68,5,1147,10,50
refresh-1125,69.0,176.36,186.48,16.31,141.13,5,1147,10,50
refresh-1150,70.5,176.39,186.64,19.77,144.58,5,1147,10,50
refresh-1175,72.0,176.39,186.64,23.23,148.03,5,1147,10,50
refresh-1200,73.6,170.76,181.33,11.68,151.46,5,1147,10,50
refresh-1225,75.1,171.02,181.47,14.04,153.81,5,1147,10,50
refresh-1250,76.6,171.64,181.86,16.32,156.08,5,1147,10,50
refresh-1275,78.1,172.03,182.12,18.60,158.35,5,1147,10,50
refresh-1300,79.6,177.30,187.31,20.98,160.73,5,1147,10,50
refresh-1325,81.1,177.66,187.61,9.81,164.39,5,1145,10,50
refresh-1350,82.7,177.66,187.72,13.27,167.84,5,1147,10,50
refresh-1375,84.2,177.66,187.72,16.73,171.29,5,1147,10,50
refresh-1400,85.8,176.54,186.44,20.15,174.70,5,1147,10,50
refresh-1425,87.3,177.46,187.47,22.42,176.97,5,1147,10,50
refresh-1450,88.8,177.63,187.65,9.91,179.34,5,1147,10,50
refresh-1475,90.3,177.64,187.67,12.18,181.61,5,1147,10,50
refresh-1500,91.8,180.49,190.37,14.58,184.00,5,1147,10,50
refresh-1525,93.3,180.52,190.66,18.03,187.45,5,1147,10,50
refresh-1550,94.9,180.52,190.66,21.53,190.93,5,1147,10,50
refresh-1575,96.4,180.64,190.78,10.04,194.39,5,1145,10,50
refresh-1600,97.9,174.83,185.55,13.47,197.81,5,1145,10,50
refresh-1625,99.4,174.84,185.55,15.83,200.16,5,1147,10,50
refresh-1650,100.9,175.34,185.82,18.10,202.43,5,1147,10,50
refresh-1675,102.4,175.97,186.21,20.39,204.71,5,1147,10,50
refresh-1700,103.9,181.46,191.52,22.77,207.08,5,1147,10,50
refresh-1725,105.4,181.52,191.76,11.31,210.55,5,1145,10,50
refresh-1750,107.0,181.52,191.74,14.76,214.00,5,1145,10,50
refresh-1775,108.5,181.53,191.75,18.23,217.45,5,1147,10,50
refresh-1800,110.0,176.15,186.74,21.83,221.05,5,1147,10,50
refresh-1825,111.5,176.54,187.00,24.12,223.32,5,1147,10,50
refresh-1850,113.0,176.81,187.31,11.65,225.69,5,1147,10,50
refresh-1875,114.5,177.58,187.70,13.94,227.96,5,1147,10,50
refresh-1900,116.1,182.75,193.04,16.33,230.35,5,1147,10,50
refresh-1925,117.6,182.75,193.10,19.79,233.80,5,1147,10,50
refresh-1950,119.1,182.87,193.18,23.30,237.29,5,1150,10,50
refresh-1975,120.6,183.37,193.70,11.27,240.75,5,1150,10,50
refresh-2000,122.1,183.14,193.29,14.69,244.16,5,1149,10,50
refresh-2025,123.6,183.16,193.29,17.05,246.52,5,1148,10,50
refresh-2050,125.1,183.16,193.29,19.32,248.78,5,1148,10,50
refresh-2075,126.7,183.42,193.55,21.61,251.06,5,1148,10,50
refresh-2100,128.1,187.90,197.98,24.01,253.46,5,1149,10,50
refresh-2125,129.7,188.51,198.73,12.83,256.92,5,1146,10,50
refresh-2150,131.2,188.51,198.73,16.28,260.36,5,1148,10,50
refresh-2175,132.7,188.46,198.70,19.73,263.80,5,1145,10,50
refresh-2200,134.3,186.45,196.41,23.31,267.36,5,1147,10,50
refresh-2225,135.8,186.46,196.42,10.91,269.72,5,1147,10,50
refresh-2250,137.3,186.46,196.42,13.19,272.00,5,1147,10,50
refresh-2275,138.8,186.47,196.54,15.47,274.26,5,1147,10,50
refresh-2300,140.4,186.89,197.21,17.88,276.67,5,1148,10,50
refresh-2325,141.9,189.85,200.19,21.34,280.12,5,1145,10,50
refresh-2350,143.4,189.86,200.19,24.78,283.55,5,1147,10,50
refresh-2375,145.0,189.86,200.21,13.53,287.00,5,1147,10,50
refresh-2400,146.5,188.40,198.69,16.95,290.41,5,1147,10,50
refresh-2425,148.0,188.40,198.69,19.22,292.68,5,1147,10,50
refresh-2450,149.6,188.41,198.69,21.58,295.03,5,1147,10,50
refresh-2475,151.1,188.41,198.69,23.85,297.29,5,1147,10,50
refresh-2500,152.6,192.00,202.13,11.51,299.85,5,1147,10,50
refresh-2525,154.1,191.38,201.66,14.98,303.31,5,1147,10,50
refresh-2550,155.6,192.00,202.23,18.42,306.74,5,1145,10,50
refresh-2575,157.2,192.01,202.22,21.86,310.17,5,1147,10,50
refresh-2600,158.7,190.61,200.72,25.27,313.57,5,1147,10,50
refresh-2625,160.2,190.73,200.82,12.68,315.93,5,1147,10,50
refresh-2650,161.7,190.74,200.83,14.96,318.20,5,1147,10,50
refresh-2675,163.3,190.75,200.82,17.24,320.48,5,1147,10,50
refresh-2700,164.8,193.71,203.82,19.63,322.86,5,1147,10,50
refresh-2725,166.3,193.71,203.85,23.06,326.28,5,1147,10,50
refresh-2750,167.8,193.84,204.01,11.85,329.93,5,1147,10,50
refresh-2775,169.3,193.84,204.02,15.28,333.35,5,1145,10,50
refresh-2800,170.8,192.34,202.36,18.69,336.75,5,1147,10,50
refresh-2825,172.3,192.34,202.36,20.96,339.01,5,1147,10,50
refresh-2850,173.9,192.34,202.36,23.32,341.37,5,1147,10,50
refresh-2875,175.4,192.35,202.36,25.60,343.64,5,1147,10,50
refresh-2900,176.9,195.43,205.34,13.17,346.03,5,1147,10,50
refresh-2925,178.4,195.62,205.70,16.75,349.61,5,1145,10,50
refresh-2950,180.0,195.62,205.78,20.24,353.09,5,1147,10,50
refresh-2975,181.5,195.61,205.65,23.68,356.51,5,1147,10,50
refresh-3000,183.0,196.07,205.75,14.55,361.86,5,1147,10,50
refresh-3025,184.5,196.08,205.77,16.83,364.13,5,1147,10,50
refresh-3050,186.0,196.09,205.77,19.10,366.40,5,1147,10,50
refresh-3075,187.6,196.09,205.78,21.38,368.67,5,1147,10,50
refresh-3100,189.1,199.32,208.91,23.76,371.05,5,1147,10,50
refresh-3125,190.6,199.34,209.10,27.19,374.47,5,1147,10,50
refresh-3150,192.1,199.32,209.02,16.31,377.91,5,1147,10,50
refresh-3175,193.6,199.34,209.10,19.75,381.34,5,1145,10,50
refresh-3200,195.1,199.29,208.60,23.16,384.74,5,1145,10,50
refresh-3225,196.7,199.30,208.61,25.52,387.09,5,1147,10,50
refresh-3250,198.1,199.30,208.61,27.79,389.35,5,1147,10,50
refresh-3275,199.7,199.30,208.60,15.12,391.63,5,1147,10,50
refresh-3300,201.2,200.83,210.49,17.54,394.05,5,1147,10,50
refresh-3325,202.7,200.83,210.50,20.98,397.48,5,1148,10,50
refresh-3350,204.3,200.83,210.50,24.50,400.99,5,1147,10,50
refresh-3375,205.8,200.84,210.50,27.94,404.42,5,1145,10,50
refresh-3400,207.3,200.74,209.96,16.46,407.84,5,1147,10,50
refresh-3425,208.8,200.75,209.96,18.75,410.12,5,1147,10,50
refresh-3450,210.4,200.76,209.97,21.02,412.39,5,1147,10,50
refresh-3475,211.9,200.77,209.99,23.38,414.74,5,1147,10,50
refresh-3500,213.4,202.43,211.85,25.79,417.14,5,1147,10,50
refresh-3525,214.9,202.48,212.04,13.68,420.60,5,1147,10,50
refresh-3550,216.4,202.48,212.04,17.13,424.04,5,1147,10,50
refresh-3575,217.9,202.48,212.09,20.58,427.48,5,1147,10,50
refresh-3600,219.4,200.26,209.79,24.07,430.96,5,1147,10,50
refresh-3625,221.0,200.33,209.80,26.34,433.22,5,1147,10,50
refresh-3650,222.5,200.34,209.82,13.89,435.51,5,1147,10,50
refresh-3675,224.0,200.34,209.81,16.17,437.77,5,1147,10,50
refresh-3700,225.6,203.86,213.09,18.56,440.16,5,1147,10,50
refresh-3725,227.1,203.88,213.28,22.11,443.70,5,1147,10,50
refresh-3750,228.6,203.88,213.29,25.56,447.14,5,1147,10,50
refresh-3775,230.1,201.78,211.30,13.42,450.61,6,1159,10,50
refresh-3800,231.6,200.48,209.95,16.83,454.01,6,1157,10,50
refresh-3825,233.1,200.48,209.95,19.12,456.29,6,1159,10,50
refresh-3850,234.6,200.48,209.95,21.47,458.64,6,1159,10,50
refresh-3875,236.2,200.49,209.96,23.75,460.91,6,1159,10,50
refresh-3900,237.7,203.31,212.75,26.14,463.29,6,1159,10,50
refresh-3925,239.2,203.77,213.17,14.74,466.80,6,1160,10,50
refresh-3950,240.8,203.77,213.26,18.22,470.27,6,1159,10,50
refresh-3975,242.3,203.77,213.26,21.76,473.80,6,1159,10,50
refresh-4000,243.8,201.43,210.63,25.18,477.21,6,1159,10,50
refresh-4025,245.3,201.43,210.63,12.80,479.49,6,1159,10,50
refresh-4050,246.8,201.43,210.64,15.08,481.76,6,1159,10,50
refresh-4075,248.3,201.44,210.64,17.36,484.03,6,1159,10,50
refresh-4100,249.8,204.73,214.09,19.75,486.41,6,1156,10,50
refresh-4125,251.3,204.73,214.19,23.30,489.95,6,1156,10,50
refresh-4150,252.9,204.73,214.19,26.75,493.40,6,1156,10,50
refresh-4175,254.4,204.73,214.22,15.48,496.85,6,1156,10,50
refresh-4200,255.9,203.17,212.46,18.93,500.30,6,1156,10,50
refresh-4225,257.4,203.17,212.46,21.29,502.65,6,1156,10,50
refresh-4250,258.9,203.17,212.47,23.56,504.91,6,1156,10,50
refresh-4275,260.4,203.18,212.47,25.85,507.19,6,1156,10,50
refresh-4300,262.0,206.86,216.04,13.41,509.59,6,1156,10,50
refresh-4325,263.5,206.86,216.16,16.87,513.04,6,1156,10,50
refresh-4350,265.0,206.86,216.16,20.41,516.57,6,1156,10,50
refresh-4375,266.5,206.86,216.16,23.86,520.01,6,1156,10,50
refresh-4400,268.0,205.73,214.69,27.28,523.42,6,1156,10,50
refresh-4425,269.6,205.75,214.70,14.63,525.71,6,1156,10,50
refresh-4450,271.1,205.75,214.70,16.90,527.97,6,1156,10,50
refresh-4475,272.6,205.75,214.70,19.18,530.25,6,1156,10,50
refresh-4500,274.1,208.27,217.46,21.68,532.74,6,1156,10,50
refresh-4525,275.7,208.30,217.52,25.14,536.19,6,1154,10,50
refresh-4550,277.2,208.30,217.52,13.74,539.66,6,1156,10,50
refresh-4575,278.7,208.30,217.52,17.20,543.10,6,1156,10,50
refresh-4600,280.2,206.93,216.20,20.62,546.52,6,1156,10,50
refresh-4625,281.8,206.93,216.21,22.97,548.86,6,1156,10,50
refresh-4650,283.2,206.94,216.21,25.25,551.13,6,1156,10,50
refresh-4675,284.7,206.94,216.21,27.53,553.40,6,1156,10,50
refresh-4700,286.2,209.94,218.81,15.07,555.84,6,1156,10,50
refresh-4725,287.8,209.95,218.99,18.53,559.28,6,1156,10,50
refresh-4750,289.3,210.09,219.12,22.08,562.82,6,1156,10,50
refresh-4775,290.8,210.09,219.12,25.53,566.26,6,1156,10,50
refresh-4800,292.3,209.89,218.71,14.06,569.69,6,1156,10,50
refresh-4825,293.9,209.89,218.71,16.33,571.96,6,1156,10,50
refresh-4850,295.4,209.89,218.72,18.62,574.24,6,1156,10,50
refresh-4875,296.9,209.90,218.73,20.89,576.50,6,1156,10,50
refresh-4900,298.5,211.06,219.87,23.37,578.97,6,1156,10,50
refresh-4925,300.0,210.75,219.73,14.90,582.50,7,1165,10,50
refresh-4950,301.5,210.75,219.73,18.34,585.93,7,1165,10,50
refresh-4975,303.1,210.75,219.73,21.87,589.45,7,1165,10,50
refresh-5000,304.6,210.63,219.31,25.28,592.85,7,1165,10,50
refresh-5025,306.2,210.63,219.32,12.90,595.13,7,1165,10,50
refresh-5050,307.7,210.64,219.32,15.18,597.41,7,1165,10,50
refresh-5075,309.2,210.64,219.31,17.46,599.69,7,1165,10,50
refresh-5100,310.7,212.45,221.26,19.85,602.07,7,1168,10,50
refresh-5125,312.3,212.45,221.36,23.30,605.51,7,1167,10,50
refresh-5150,313.8,212.45,221.37,26.78,608.98,7,1167,10,50
refresh-5175,315.3,212.58,221.45,15.30,612.42,7,1167,10,50
refresh-5200,316.9,212.32,220.97,18.71,615.83,7,1167,10,50
refresh-5225,318.4,212.39,220.97,21.07,618.18,7,1167,10,50
refresh-5250,319.9,212.39,220.97,23.35,620.45,7,1167,10,50
refresh-5275,321.5,212.39,220.97,25.62,622.72,7,1167,10,50
refresh-5300,323.0,213.75,222.51,13.13,625.12,7,1167,10,50
refresh-5325,324.5,213.72,222.54,16.58,628.56,7,1165,10,50
refresh-5350,326.1,213.74,222.58,20.03,632.00,7,1167,10,50
refresh-5375,327.6,213.75,222.61,23.47,635.43,7,1167,10,50
refresh-5400,329.2,213.71,222.12,26.92,638.87,7,1167,10,50
refresh-5425,330.7,213.72,222.12,14.31,641.23,7,1167,10,50
refresh-5450,332.2,213.72,222.12,16.59,643.50,7,1167,10,50
refresh-5475,333.8,213.72,222.11,18.87,645.78,7,1167,10,50
refresh-5500,335.3,215.60,224.46,21.27,648.17,7,1168,10,50
refresh-5525,336.8,215.61,224.54,24.71,651.60,7,1167,10,50
refresh-5550,338.4,215.61,224.54,13.22,655.05,7,1167,10,50
refresh-5575,339.9,215.75,224.66,16.67,658.49,7,1165,10,50
refresh-5600,341.4,215.55,223.99,20.08,661.89,7,1167,10,50
refresh-5625,342.9,215.55,223.99,22.35,664.16,7,1167,10,50
refresh-5650,344.4,215.55,223.99,24.72,666.52,7,1167,10,50
refresh-5675,346.0,215.55,223.99,27.00,668.79,7,1167,10,50
refresh-5700,347.5,216.90,225.74,14.55,671.22,7,1167,10,50
refresh-5725,349.1,216.92,225.96,18.00,674.66,7,1167,10,50
refresh-5750,350.6,216.92,225.96,21.45,678.10,7,1167,10,50
refresh-5775,352.2,216.93,225.96,24.90,681.54,7,1166,10,50
refresh-5800,353.7,216.27,225.29,13.36,684.95,7,1161,10,50
refresh-5825,355.2,216.27,225.29,15.72,687.30,7,1163,10,50
refresh-5850,356.7,216.27,225.29,18.00,689.58,7,1163,10,50
refresh-5875,358.3,216.27,225.28,20.28,691.84,7,1163,10,50
refresh-5900,359.8,218.18,226.99,22.74,694.30,7,1165,10,50
refresh-5925,361.3,218.18,227.20,26.19,697.74,7,1163,10,50
refresh-5950,362.9,218.25,227.31,14.77,701.18,7,1165,10,50
refresh-5975,364.4,218.25,227.32,18.22,704.61,7,1165,10,50
refresh-6000,366.0,217.89,226.59,21.63,708.01,7,1165,10,50
end,366.0,217.89,226.59,21.64,708.02,7,1165,10,50
